Bone_Mandiblez,Thyroidz,Brainstemz,Cavity_Oralz,Esophagusz,Eye_Lz,Eye_Rz,Glnd_Submand_Lz,Glnd_Submand_Rz,Larynxz,LN_L_Ibz,LN_L_II-IVz,LN_L_RPz,LN_L_Vz,LN_R_Ibz,LN_R_II-IVz,LN_R_RPz,LN_R_Vz,Lobe_Temporal_Lz,Lobe_Temporal_Rz,Musc_Constrictz,Parotid_Lz,Parotid_Rz,SpinalCordz,Tracheaz
HN004.hdf5,HN275.hdf5,HN003.hdf5,HN003.hdf5,HN003.hdf5,HN003.hdf5,HN003.hdf5,HN004.hdf5,HN006.hdf5,HN006.hdf5,HN003.hdf5,HN003.hdf5,HN003.hdf5,HN003.hdf5,HN003.hdf5,HN003.hdf5,HN003.hdf5,HN003.hdf5,HN003.hdf5,HN003.hdf5,HN003.hdf5,HN003.hdf5,HN003.hdf5,HN003.hdf5,HN003.hdf5
HN006.hdf5,HN277.hdf5,HN004.hdf5,HN004.hdf5,HN004.hdf5,HN004.hdf5,HN006.hdf5,HN006.hdf5,HN008.hdf5,HN008.hdf5,HN004.hdf5,HN004.hdf5,HN004.hdf5,HN006.hdf5,HN008.hdf5,HN004.hdf5,HN004.hdf5,HN004.hdf5,HN004.hdf5,HN004.hdf5,HN004.hdf5,HN004.hdf5,HN004.hdf5,HN004.hdf5,HN010.hdf5
HN008.hdf5,HN279.hdf5,HN006.hdf5,HN006.hdf5,HN006.hdf5,HN006.hdf5,HN008.hdf5,HN015.hdf5,HN009.hdf5,HN009.hdf5,HN006.hdf5,HN006.hdf5,HN006.hdf5,HN008.hdf5,HN009.hdf5,HN008.hdf5,HN008.hdf5,HN006.hdf5,HN006.hdf5,HN006.hdf5,HN006.hdf5,HN006.hdf5,HN006.hdf5,HN006.hdf5,HN022.hdf5
HN009.hdf5,HN281.hdf5,HN008.hdf5,HN008.hdf5,HN008.hdf5,HN008.hdf5,HN009.hdf5,HN016.hdf5,HN016.hdf5,HN016.hdf5,HN015.hdf5,HN008.hdf5,HN008.hdf5,HN009.hdf5,HN010.hdf5,HN010.hdf5,HN009.hdf5,HN008.hdf5,HN008.hdf5,HN008.hdf5,HN008.hdf5,HN008.hdf5,HN009.hdf5,HN008.hdf5,HN024.hdf5
HN010.hdf5,HN283.hdf5,HN009.hdf5,HN009.hdf5,HN009.hdf5,HN009.hdf5,HN010.hdf5,HN027.hdf5,HN020.hdf5,HN017.hdf5,HN017.hdf5,HN010.hdf5,HN009.hdf5,HN010.hdf5,HN019.hdf5,HN015.hdf5,HN010.hdf5,HN009.hdf5,HN009.hdf5,HN009.hdf5,HN009.hdf5,HN009.hdf5,HN010.hdf5,HN009.hdf5,HN025.hdf5
HN016.hdf5,HN286.hdf5,HN010.hdf5,HN010.hdf5,HN015.hdf5,HN015.hdf5,HN015.hdf5,HN029.hdf5,HN025.hdf5,HN019.hdf5,HN019.hdf5,HN015.hdf5,HN010.hdf5,HN015.hdf5,HN020.hdf5,HN017.hdf5,HN015.hdf5,HN010.hdf5,HN010.hdf5,HN010.hdf5,HN010.hdf5,HN015.hdf5,HN015.hdf5,HN015.hdf5,HN032.hdf5
HN017.hdf5,HN288.hdf5,HN015.hdf5,HN015.hdf5,HN016.hdf5,HN016.hdf5,HN019.hdf5,HN032.hdf5,HN027.hdf5,HN020.hdf5,HN020.hdf5,HN016.hdf5,HN015.hdf5,HN020.hdf5,HN021.hdf5,HN021.hdf5,HN016.hdf5,HN017.hdf5,HN016.hdf5,HN016.hdf5,HN015.hdf5,HN016.hdf5,HN016.hdf5,HN016.hdf5,HN038.hdf5
HN019.hdf5,HN290.hdf5,HN016.hdf5,HN016.hdf5,HN020.hdf5,HN017.hdf5,HN020.hdf5,HN033.hdf5,HN029.hdf5,HN021.hdf5,HN021.hdf5,HN017.hdf5,HN017.hdf5,HN021.hdf5,HN022.hdf5,HN024.hdf5,HN019.hdf5,HN022.hdf5,HN019.hdf5,HN020.hdf5,HN017.hdf5,HN017.hdf5,HN017.hdf5,HN019.hdf5,HN057.hdf5
HN020.hdf5,HN291.hdf5,HN020.hdf5,HN017.hdf5,HN022.hdf5,HN019.hdf5,HN021.hdf5,HN035.hdf5,HN032.hdf5,HN024.hdf5,HN022.hdf5,HN019.hdf5,HN019.hdf5,HN024.hdf5,HN024.hdf5,HN025.hdf5,HN020.hdf5,HN024.hdf5,HN020.hdf5,HN021.hdf5,HN020.hdf5,HN019.hdf5,HN019.hdf5,HN020.hdf5,HN058.hdf5
HN021.hdf5,HN295.hdf5,HN022.hdf5,HN020.hdf5,HN025.hdf5,HN020.hdf5,HN022.hdf5,HN036.hdf5,HN033.hdf5,HN025.hdf5,HN024.hdf5,HN020.hdf5,HN020.hdf5,HN026.hdf5,HN026.hdf5,HN028.hdf5,HN021.hdf5,HN026.hdf5,HN022.hdf5,HN022.hdf5,HN021.hdf5,HN021.hdf5,HN022.hdf5,HN021.hdf5,HN062.hdf5
HN024.hdf5,HN297.hdf5,HN024.hdf5,HN021.hdf5,HN026.hdf5,HN021.hdf5,HN024.hdf5,HN038.hdf5,HN035.hdf5,HN026.hdf5,HN025.hdf5,HN021.hdf5,HN022.hdf5,HN028.hdf5,HN027.hdf5,HN029.hdf5,HN022.hdf5,HN028.hdf5,HN024.hdf5,HN024.hdf5,HN022.hdf5,HN024.hdf5,HN025.hdf5,HN022.hdf5,HN065.hdf5
HN025.hdf5,HN300.hdf5,HN025.hdf5,HN022.hdf5,HN027.hdf5,HN024.hdf5,HN026.hdf5,HN040.hdf5,HN038.hdf5,HN027.hdf5,HN026.hdf5,HN022.hdf5,HN024.hdf5,HN032.hdf5,HN028.hdf5,HN033.hdf5,HN024.hdf5,HN029.hdf5,HN025.hdf5,HN026.hdf5,HN024.hdf5,HN027.hdf5,HN026.hdf5,HN024.hdf5,HN066.hdf5
HN026.hdf5,HN301.hdf5,HN026.hdf5,HN024.hdf5,HN028.hdf5,HN026.hdf5,HN027.hdf5,HN047.hdf5,HN040.hdf5,HN028.hdf5,HN027.hdf5,HN024.hdf5,HN025.hdf5,HN033.hdf5,HN029.hdf5,HN035.hdf5,HN025.hdf5,HN032.hdf5,HN026.hdf5,HN027.hdf5,HN025.hdf5,HN028.hdf5,HN027.hdf5,HN025.hdf5,HN067.hdf5
HN028.hdf5,HN306.hdf5,HN027.hdf5,HN025.hdf5,HN029.hdf5,HN027.hdf5,HN029.hdf5,HN049.hdf5,HN041.hdf5,HN033.hdf5,HN029.hdf5,HN025.hdf5,HN026.hdf5,HN035.hdf5,HN035.hdf5,HN036.hdf5,HN026.hdf5,HN036.hdf5,HN028.hdf5,HN029.hdf5,HN026.hdf5,HN029.hdf5,HN028.hdf5,HN026.hdf5,HN068.hdf5
HN032.hdf5,HN307.hdf5,HN028.hdf5,HN026.hdf5,HN032.hdf5,HN028.hdf5,HN033.hdf5,HN053.hdf5,HN042.hdf5,HN035.hdf5,HN032.hdf5,HN026.hdf5,HN027.hdf5,HN037.hdf5,HN036.hdf5,HN037.hdf5,HN027.hdf5,HN047.hdf5,HN029.hdf5,HN033.hdf5,HN027.hdf5,HN032.hdf5,HN029.hdf5,HN027.hdf5,HN069.hdf5
HN033.hdf5,HN308.hdf5,HN029.hdf5,HN027.hdf5,HN033.hdf5,HN029.hdf5,HN037.hdf5,HN056.hdf5,HN044.hdf5,HN036.hdf5,HN035.hdf5,HN027.hdf5,HN028.hdf5,HN038.hdf5,HN045.hdf5,HN040.hdf5,HN028.hdf5,HN049.hdf5,HN032.hdf5,HN035.hdf5,HN028.hdf5,HN035.hdf5,HN032.hdf5,HN028.hdf5,HN071.hdf5
HN035.hdf5,HN310.hdf5,HN032.hdf5,HN028.hdf5,HN035.hdf5,HN032.hdf5,HN038.hdf5,HN059.hdf5,HN045.hdf5,HN037.hdf5,HN037.hdf5,HN028.hdf5,HN032.hdf5,HN040.hdf5,HN047.hdf5,HN042.hdf5,HN029.hdf5,HN053.hdf5,HN033.hdf5,HN036.hdf5,HN032.hdf5,HN036.hdf5,HN033.hdf5,HN032.hdf5,HN082.hdf5
HN036.hdf5,HN313.hdf5,HN038.hdf5,HN029.hdf5,HN037.hdf5,HN033.hdf5,HN041.hdf5,HN063.hdf5,HN047.hdf5,HN038.hdf5,HN038.hdf5,HN032.hdf5,HN033.hdf5,HN041.hdf5,HN053.hdf5,HN044.hdf5,HN035.hdf5,HN056.hdf5,HN036.hdf5,HN041.hdf5,HN033.hdf5,HN037.hdf5,HN035.hdf5,HN033.hdf5,HN088.hdf5
HN037.hdf5,HN314.hdf5,HN040.hdf5,HN032.hdf5,HN038.hdf5,HN035.hdf5,HN042.hdf5,HN064.hdf5,HN053.hdf5,HN040.hdf5,HN040.hdf5,HN035.hdf5,HN035.hdf5,HN044.hdf5,HN059.hdf5,HN045.hdf5,HN036.hdf5,HN058.hdf5,HN041.hdf5,HN042.hdf5,HN036.hdf5,HN038.hdf5,HN037.hdf5,HN035.hdf5,HN089.hdf5
HN038.hdf5,HN316.hdf5,HN041.hdf5,HN033.hdf5,HN040.hdf5,HN037.hdf5,HN044.hdf5,HN065.hdf5,HN057.hdf5,HN041.hdf5,HN041.hdf5,HN036.hdf5,HN041.hdf5,HN045.hdf5,HN060.hdf5,HN047.hdf5,HN047.hdf5,HN059.hdf5,HN044.hdf5,HN044.hdf5,HN037.hdf5,HN040.hdf5,HN038.hdf5,HN036.hdf5,HN098.hdf5
HN041.hdf5,HN317.hdf5,HN042.hdf5,HN035.hdf5,HN041.hdf5,HN038.hdf5,HN045.hdf5,HN066.hdf5,HN059.hdf5,HN042.hdf5,HN042.hdf5,HN037.hdf5,HN042.hdf5,HN049.hdf5,HN065.hdf5,HN049.hdf5,HN049.hdf5,HN060.hdf5,HN045.hdf5,HN045.hdf5,HN038.hdf5,HN041.hdf5,HN040.hdf5,HN037.hdf5,HN099.hdf5
HN042.hdf5,HN319.hdf5,HN044.hdf5,HN036.hdf5,HN042.hdf5,HN040.hdf5,HN047.hdf5,HN068.hdf5,HN061.hdf5,HN045.hdf5,HN044.hdf5,HN038.hdf5,HN045.hdf5,HN052.hdf5,HN066.hdf5,HN053.hdf5,HN053.hdf5,HN064.hdf5,HN047.hdf5,HN047.hdf5,HN040.hdf5,HN042.hdf5,HN041.hdf5,HN038.hdf5,HN101.hdf5
HN044.hdf5,HN320.hdf5,HN045.hdf5,HN037.hdf5,HN044.hdf5,HN042.hdf5,HN049.hdf5,HN073.hdf5,HN063.hdf5,HN047.hdf5,HN059.hdf5,HN040.hdf5,HN052.hdf5,HN060.hdf5,HN068.hdf5,HN056.hdf5,HN056.hdf5,HN066.hdf5,HN052.hdf5,HN052.hdf5,HN044.hdf5,HN044.hdf5,HN042.hdf5,HN040.hdf5,HN106.hdf5
HN047.hdf5,HN321.hdf5,HN047.hdf5,HN038.hdf5,HN045.hdf5,HN045.hdf5,HN052.hdf5,HN077.hdf5,HN064.hdf5,HN053.hdf5,HN060.hdf5,HN041.hdf5,HN057.hdf5,HN061.hdf5,HN069.hdf5,HN057.hdf5,HN057.hdf5,HN068.hdf5,HN056.hdf5,HN056.hdf5,HN045.hdf5,HN045.hdf5,HN044.hdf5,HN044.hdf5,HN110.hdf5
HN049.hdf5,HN325.hdf5,HN049.hdf5,HN040.hdf5,HN047.hdf5,HN047.hdf5,HN057.hdf5,HN081.hdf5,HN067.hdf5,HN056.hdf5,HN061.hdf5,HN042.hdf5,HN058.hdf5,HN062.hdf5,HN073.hdf5,HN058.hdf5,HN058.hdf5,HN073.hdf5,HN057.hdf5,HN059.hdf5,HN049.hdf5,HN047.hdf5,HN045.hdf5,HN047.hdf5,HN112.hdf5
HN053.hdf5,HN327.hdf5,HN052.hdf5,HN044.hdf5,HN049.hdf5,HN049.hdf5,HN058.hdf5,HN085.hdf5,HN069.hdf5,HN057.hdf5,HN063.hdf5,HN044.hdf5,HN061.hdf5,HN063.hdf5,HN075.hdf5,HN059.hdf5,HN059.hdf5,HN075.hdf5,HN058.hdf5,HN060.hdf5,HN052.hdf5,HN052.hdf5,HN047.hdf5,HN052.hdf5,HN129.hdf5
HN056.hdf5,HN329.hdf5,HN056.hdf5,HN045.hdf5,HN052.hdf5,HN052.hdf5,HN059.hdf5,HN087.hdf5,HN070.hdf5,HN058.hdf5,HN066.hdf5,HN045.hdf5,HN062.hdf5,HN064.hdf5,HN077.hdf5,HN061.hdf5,HN060.hdf5,HN077.hdf5,HN060.hdf5,HN061.hdf5,HN057.hdf5,HN056.hdf5,HN049.hdf5,HN053.hdf5,HN135.hdf5
HN058.hdf5,HN330.hdf5,HN057.hdf5,HN047.hdf5,HN056.hdf5,HN056.hdf5,HN060.hdf5,HN092.hdf5,HN075.hdf5,HN059.hdf5,HN067.hdf5,HN049.hdf5,HN063.hdf5,HN067.hdf5,HN083.hdf5,HN063.hdf5,HN064.hdf5,HN081.hdf5,HN061.hdf5,HN062.hdf5,HN058.hdf5,HN057.hdf5,HN052.hdf5,HN056.hdf5,HN144.hdf5
HN059.hdf5,HN331.hdf5,HN059.hdf5,HN049.hdf5,HN059.hdf5,HN057.hdf5,HN061.hdf5,HN094.hdf5,HN081.hdf5,HN060.hdf5,HN069.hdf5,HN052.hdf5,HN064.hdf5,HN069.hdf5,HN086.hdf5,HN064.hdf5,HN065.hdf5,HN082.hdf5,HN062.hdf5,HN063.hdf5,HN059.hdf5,HN059.hdf5,HN053.hdf5,HN057.hdf5,HN146.hdf5
HN060.hdf5,HN332.hdf5,HN060.hdf5,HN052.hdf5,HN062.hdf5,HN058.hdf5,HN062.hdf5,HN095.hdf5,HN083.hdf5,HN063.hdf5,HN075.hdf5,HN053.hdf5,HN067.hdf5,HN070.hdf5,HN087.hdf5,HN066.hdf5,HN073.hdf5,HN085.hdf5,HN064.hdf5,HN065.hdf5,HN061.hdf5,HN060.hdf5,HN057.hdf5,HN058.hdf5,HN153.hdf5
HN273.hdf5,HN336.hdf5,HN063.hdf5,HN053.hdf5,HN063.hdf5,HN059.hdf5,HN063.hdf5,HN098.hdf5,HN087.hdf5,HN064.hdf5,HN077.hdf5,HN056.hdf5,HN069.hdf5,HN071.hdf5,HN088.hdf5,HN068.hdf5,HN075.hdf5,HN087.hdf5,HN066.hdf5,HN067.hdf5,HN062.hdf5,HN061.hdf5,HN058.hdf5,HN059.hdf5,HN156.hdf5
HN277.hdf5,HN338.hdf5,HN064.hdf5,HN056.hdf5,HN065.hdf5,HN060.hdf5,HN064.hdf5,HN099.hdf5,HN091.hdf5,HN065.hdf5,HN080.hdf5,HN057.hdf5,HN070.hdf5,HN075.hdf5,HN090.hdf5,HN069.hdf5,HN077.hdf5,HN089.hdf5,HN067.hdf5,HN068.hdf5,HN063.hdf5,HN062.hdf5,HN059.hdf5,HN060.hdf5,HN157.hdf5
HN278.hdf5,HN339.hdf5,HN066.hdf5,HN057.hdf5,HN066.hdf5,HN061.hdf5,HN066.hdf5,HN101.hdf5,HN092.hdf5,HN066.hdf5,HN081.hdf5,HN059.hdf5,HN071.hdf5,HN077.hdf5,HN091.hdf5,HN071.hdf5,HN080.hdf5,HN090.hdf5,HN069.hdf5,HN069.hdf5,HN064.hdf5,HN063.hdf5,HN060.hdf5,HN061.hdf5,HN161.hdf5
HN281.hdf5,HN340.hdf5,HN068.hdf5,HN058.hdf5,HN067.hdf5,HN062.hdf5,HN068.hdf5,HN102.hdf5,HN095.hdf5,HN067.hdf5,HN082.hdf5,HN061.hdf5,HN075.hdf5,HN080.hdf5,HN096.hdf5,HN073.hdf5,HN081.hdf5,HN091.hdf5,HN070.hdf5,HN071.hdf5,HN065.hdf5,HN065.hdf5,HN061.hdf5,HN062.hdf5,HN175.hdf5
HN283.hdf5,HN342.hdf5,HN070.hdf5,HN059.hdf5,HN068.hdf5,HN065.hdf5,HN069.hdf5,HN103.hdf5,HN098.hdf5,HN068.hdf5,HN083.hdf5,HN062.hdf5,HN077.hdf5,HN081.hdf5,HN098.hdf5,HN075.hdf5,HN082.hdf5,HN096.hdf5,HN071.hdf5,HN073.hdf5,HN067.hdf5,HN066.hdf5,HN062.hdf5,HN063.hdf5,HN183.hdf5
HN285.hdf5,HN344.hdf5,HN071.hdf5,HN060.hdf5,HN069.hdf5,HN066.hdf5,HN070.hdf5,HN104.hdf5,HN099.hdf5,HN070.hdf5,HN086.hdf5,HN065.hdf5,HN081.hdf5,HN082.hdf5,HN102.hdf5,HN080.hdf5,HN085.hdf5,HN101.hdf5,HN073.hdf5,HN075.hdf5,HN068.hdf5,HN067.hdf5,HN063.hdf5,HN064.hdf5,HN186.hdf5
HN286.hdf5,HN345.hdf5,HN073.hdf5,HN061.hdf5,HN070.hdf5,HN067.hdf5,HN073.hdf5,HN105.hdf5,HN101.hdf5,HN071.hdf5,HN090.hdf5,HN066.hdf5,HN082.hdf5,HN083.hdf5,HN103.hdf5,HN081.hdf5,HN086.hdf5,HN102.hdf5,HN075.hdf5,HN077.hdf5,HN069.hdf5,HN068.hdf5,HN064.hdf5,HN065.hdf5,HN188.hdf5
HN288.hdf5,HN348.hdf5,HN075.hdf5,HN062.hdf5,HN071.hdf5,HN068.hdf5,HN077.hdf5,HN107.hdf5,HN102.hdf5,HN073.hdf5,HN092.hdf5,HN067.hdf5,HN083.hdf5,HN087.hdf5,HN107.hdf5,HN082.hdf5,HN087.hdf5,HN103.hdf5,HN077.hdf5,HN080.hdf5,HN070.hdf5,HN069.hdf5,HN065.hdf5,HN066.hdf5,HN189.hdf5
HN290.hdf5,HN350.hdf5,HN077.hdf5,HN063.hdf5,HN075.hdf5,HN069.hdf5,HN080.hdf5,HN109.hdf5,HN103.hdf5,HN075.hdf5,HN094.hdf5,HN068.hdf5,HN085.hdf5,HN088.hdf5,HN109.hdf5,HN083.hdf5,HN088.hdf5,HN109.hdf5,HN080.hdf5,HN081.hdf5,HN071.hdf5,HN070.hdf5,HN066.hdf5,HN067.hdf5,HN190.hdf5
HN291.hdf5,HN351.hdf5,HN080.hdf5,HN064.hdf5,HN077.hdf5,HN070.hdf5,HN081.hdf5,HN112.hdf5,HN104.hdf5,HN080.hdf5,HN095.hdf5,HN070.hdf5,HN086.hdf5,HN092.hdf5,HN113.hdf5,HN085.hdf5,HN089.hdf5,HN113.hdf5,HN081.hdf5,HN082.hdf5,HN073.hdf5,HN073.hdf5,HN067.hdf5,HN068.hdf5,HN191.hdf5
HN293.hdf5,HN353.hdf5,HN081.hdf5,HN065.hdf5,HN080.hdf5,HN071.hdf5,HN082.hdf5,HN113.hdf5,HN105.hdf5,HN081.hdf5,HN096.hdf5,HN071.hdf5,HN088.hdf5,HN094.hdf5,HN115.hdf5,HN086.hdf5,HN096.hdf5,HN115.hdf5,HN082.hdf5,HN088.hdf5,HN075.hdf5,HN075.hdf5,HN068.hdf5,HN069.hdf5,HN198.hdf5
HN295.hdf5,HN355.hdf5,HN082.hdf5,HN066.hdf5,HN081.hdf5,HN073.hdf5,HN083.hdf5,HN115.hdf5,HN106.hdf5,HN082.hdf5,HN099.hdf5,HN073.hdf5,HN092.hdf5,HN095.hdf5,HN119.hdf5,HN087.hdf5,HN101.hdf5,HN119.hdf5,HN083.hdf5,HN089.hdf5,HN077.hdf5,HN077.hdf5,HN069.hdf5,HN071.hdf5,HN199.hdf5
HN296.hdf5,HN356.hdf5,HN083.hdf5,HN067.hdf5,HN082.hdf5,HN075.hdf5,HN085.hdf5,HN119.hdf5,HN112.hdf5,HN083.hdf5,HN104.hdf5,HN075.hdf5,HN094.hdf5,HN096.hdf5,HN124.hdf5,HN088.hdf5,HN107.hdf5,HN126.hdf5,HN086.hdf5,HN090.hdf5,HN080.hdf5,HN080.hdf5,HN070.hdf5,HN073.hdf5,HN201.hdf5
HN297.hdf5,HN357.hdf5,HN085.hdf5,HN068.hdf5,HN083.hdf5,HN077.hdf5,HN086.hdf5,HN122.hdf5,HN114.hdf5,HN085.hdf5,HN105.hdf5,HN080.hdf5,HN096.hdf5,HN099.hdf5,HN139.hdf5,HN089.hdf5,HN109.hdf5,HN129.hdf5,HN087.hdf5,HN091.hdf5,HN082.hdf5,HN082.hdf5,HN071.hdf5,HN077.hdf5,HN212.hdf5
HN299.hdf5,HN358.hdf5,HN086.hdf5,HN070.hdf5,HN085.hdf5,HN080.hdf5,HN087.hdf5,HN124.hdf5,HN115.hdf5,HN086.hdf5,HN106.hdf5,HN081.hdf5,HN099.hdf5,HN104.hdf5,HN141.hdf5,HN090.hdf5,HN110.hdf5,HN148.hdf5,HN088.hdf5,HN092.hdf5,HN083.hdf5,HN083.hdf5,HN073.hdf5,HN082.hdf5,HN214.hdf5
HN300.hdf5,HN361.hdf5,HN087.hdf5,HN071.hdf5,HN086.hdf5,HN081.hdf5,HN088.hdf5,HN126.hdf5,HN127.hdf5,HN087.hdf5,HN110.hdf5,HN082.hdf5,HN104.hdf5,HN105.hdf5,HN150.hdf5,HN091.hdf5,HN112.hdf5,HN151.hdf5,HN089.hdf5,HN094.hdf5,HN086.hdf5,HN085.hdf5,HN075.hdf5,HN083.hdf5,HN217.hdf5
HN301.hdf5,,HN088.hdf5,HN073.hdf5,HN087.hdf5,HN082.hdf5,HN090.hdf5,HN129.hdf5,HN129.hdf5,HN088.hdf5,HN114.hdf5,HN085.hdf5,HN105.hdf5,HN106.hdf5,HN153.hdf5,HN092.hdf5,HN119.hdf5,HN153.hdf5,HN090.hdf5,HN095.hdf5,HN087.hdf5,HN087.hdf5,HN077.hdf5,HN085.hdf5,HN221.hdf5
HN302.hdf5,,HN089.hdf5,HN075.hdf5,HN088.hdf5,HN083.hdf5,HN091.hdf5,HN137.hdf5,HN131.hdf5,HN089.hdf5,HN132.hdf5,HN086.hdf5,HN106.hdf5,HN110.hdf5,HN162.hdf5,HN094.hdf5,HN124.hdf5,HN159.hdf5,HN091.hdf5,HN096.hdf5,HN088.hdf5,HN091.hdf5,HN080.hdf5,HN086.hdf5,HN232.hdf5
HN306.hdf5,,HN090.hdf5,HN077.hdf5,HN089.hdf5,HN086.hdf5,HN092.hdf5,HN141.hdf5,HN132.hdf5,HN090.hdf5,HN144.hdf5,HN089.hdf5,HN110.hdf5,HN124.hdf5,HN166.hdf5,HN095.hdf5,HN126.hdf5,HN161.hdf5,HN092.hdf5,HN098.hdf5,HN089.hdf5,HN092.hdf5,HN081.hdf5,HN087.hdf5,HN241.hdf5
HN307.hdf5,,HN091.hdf5,HN080.hdf5,HN090.hdf5,HN087.hdf5,HN094.hdf5,HN144.hdf5,HN135.hdf5,HN091.hdf5,HN146.hdf5,HN090.hdf5,HN125.hdf5,HN125.hdf5,HN167.hdf5,HN098.hdf5,HN129.hdf5,HN166.hdf5,HN094.hdf5,HN099.hdf5,HN090.hdf5,HN094.hdf5,HN082.hdf5,HN088.hdf5,HN243.hdf5
HN310.hdf5,,HN092.hdf5,HN081.hdf5,HN091.hdf5,HN088.hdf5,HN096.hdf5,HN146.hdf5,HN137.hdf5,HN095.hdf5,HN147.hdf5,HN091.hdf5,HN132.hdf5,HN144.hdf5,HN174.hdf5,HN099.hdf5,HN137.hdf5,HN167.hdf5,HN095.hdf5,HN101.hdf5,HN091.hdf5,HN095.hdf5,HN085.hdf5,HN089.hdf5,HN244.hdf5
HN313.hdf5,,HN095.hdf5,HN082.hdf5,HN092.hdf5,HN089.hdf5,HN098.hdf5,HN148.hdf5,HN139.hdf5,HN096.hdf5,HN156.hdf5,HN092.hdf5,HN135.hdf5,HN145.hdf5,HN178.hdf5,HN101.hdf5,HN148.hdf5,HN170.hdf5,HN096.hdf5,HN102.hdf5,HN094.hdf5,HN096.hdf5,HN086.hdf5,HN090.hdf5,HN246.hdf5
HN316.hdf5,,HN098.hdf5,HN085.hdf5,HN094.hdf5,HN090.hdf5,HN099.hdf5,HN150.hdf5,HN144.hdf5,HN098.hdf5,HN160.hdf5,HN094.hdf5,HN137.hdf5,HN147.hdf5,HN180.hdf5,HN102.hdf5,HN151.hdf5,HN173.hdf5,HN099.hdf5,HN103.hdf5,HN095.hdf5,HN098.hdf5,HN088.hdf5,HN091.hdf5,HN249.hdf5
HN319.hdf5,,HN102.hdf5,HN086.hdf5,HN095.hdf5,HN091.hdf5,HN101.hdf5,HN151.hdf5,HN145.hdf5,HN101.hdf5,HN162.hdf5,HN095.hdf5,HN144.hdf5,HN156.hdf5,HN183.hdf5,HN103.hdf5,HN153.hdf5,HN175.hdf5,HN101.hdf5,HN104.hdf5,HN098.hdf5,HN099.hdf5,HN089.hdf5,HN092.hdf5,HN257.hdf5
HN320.hdf5,,HN104.hdf5,HN088.hdf5,HN096.hdf5,HN092.hdf5,HN102.hdf5,HN153.hdf5,HN147.hdf5,HN102.hdf5,HN165.hdf5,HN099.hdf5,HN145.hdf5,HN157.hdf5,HN186.hdf5,HN105.hdf5,HN159.hdf5,HN176.hdf5,HN102.hdf5,HN105.hdf5,HN101.hdf5,HN101.hdf5,HN092.hdf5,HN094.hdf5,HN266.hdf5
HN321.hdf5,,HN106.hdf5,HN094.hdf5,HN099.hdf5,HN094.hdf5,HN104.hdf5,HN156.hdf5,HN148.hdf5,HN103.hdf5,HN181.hdf5,HN103.hdf5,HN146.hdf5,HN158.hdf5,HN188.hdf5,HN107.hdf5,HN161.hdf5,HN177.hdf5,HN104.hdf5,HN106.hdf5,HN102.hdf5,HN103.hdf5,HN094.hdf5,HN095.hdf5,HN267.hdf5
HN323.hdf5,,HN109.hdf5,HN095.hdf5,HN101.hdf5,HN096.hdf5,HN106.hdf5,HN157.hdf5,HN150.hdf5,HN105.hdf5,HN184.hdf5,HN104.hdf5,HN148.hdf5,HN160.hdf5,HN189.hdf5,HN109.hdf5,HN166.hdf5,HN186.hdf5,HN105.hdf5,HN107.hdf5,HN103.hdf5,HN105.hdf5,HN095.hdf5,HN096.hdf5,HN275.hdf5
HN325.hdf5,,HN110.hdf5,HN096.hdf5,HN102.hdf5,HN099.hdf5,HN107.hdf5,HN161.hdf5,HN156.hdf5,HN106.hdf5,HN190.hdf5,HN107.hdf5,HN150.hdf5,HN163.hdf5,HN194.hdf5,HN112.hdf5,HN167.hdf5,HN189.hdf5,HN106.hdf5,HN109.hdf5,HN104.hdf5,HN106.hdf5,HN098.hdf5,HN098.hdf5,HN277.hdf5
HN327.hdf5,,HN112.hdf5,HN099.hdf5,HN104.hdf5,HN102.hdf5,HN109.hdf5,HN162.hdf5,HN157.hdf5,HN107.hdf5,HN191.hdf5,HN109.hdf5,HN156.hdf5,HN165.hdf5,HN197.hdf5,HN113.hdf5,HN170.hdf5,HN194.hdf5,HN110.hdf5,HN110.hdf5,HN105.hdf5,HN107.hdf5,HN099.hdf5,HN101.hdf5,HN279.hdf5
HN328.hdf5,,HN113.hdf5,HN101.hdf5,HN105.hdf5,HN104.hdf5,HN110.hdf5,HN163.hdf5,HN158.hdf5,HN109.hdf5,HN193.hdf5,HN110.hdf5,HN158.hdf5,HN179.hdf5,HN207.hdf5,HN115.hdf5,HN174.hdf5,HN196.hdf5,HN112.hdf5,HN113.hdf5,HN106.hdf5,HN109.hdf5,HN101.hdf5,HN102.hdf5,HN281.hdf5
HN329.hdf5,,HN115.hdf5,HN102.hdf5,HN106.hdf5,HN105.hdf5,HN112.hdf5,HN166.hdf5,HN159.hdf5,HN114.hdf5,HN202.hdf5,HN112.hdf5,HN163.hdf5,HN181.hdf5,HN211.hdf5,HN119.hdf5,HN176.hdf5,HN197.hdf5,HN113.hdf5,HN115.hdf5,HN107.hdf5,HN112.hdf5,HN102.hdf5,HN104.hdf5,HN285.hdf5
HN330.hdf5,,HN119.hdf5,HN103.hdf5,HN110.hdf5,HN107.hdf5,HN113.hdf5,HN167.hdf5,HN160.hdf5,HN122.hdf5,HN205.hdf5,HN113.hdf5,HN165.hdf5,HN182.hdf5,HN214.hdf5,HN122.hdf5,HN177.hdf5,HN206.hdf5,HN114.hdf5,HN119.hdf5,HN110.hdf5,HN113.hdf5,HN103.hdf5,HN106.hdf5,HN286.hdf5
HN331.hdf5,,HN124.hdf5,HN104.hdf5,HN112.hdf5,HN110.hdf5,HN115.hdf5,HN170.hdf5,HN165.hdf5,HN124.hdf5,HN209.hdf5,HN114.hdf5,HN181.hdf5,HN184.hdf5,HN219.hdf5,HN124.hdf5,HN183.hdf5,HN214.hdf5,HN115.hdf5,HN122.hdf5,HN113.hdf5,HN114.hdf5,HN105.hdf5,HN107.hdf5,HN288.hdf5
HN332.hdf5,,HN125.hdf5,HN105.hdf5,HN115.hdf5,HN113.hdf5,HN119.hdf5,HN173.hdf5,HN175.hdf5,HN126.hdf5,HN210.hdf5,HN119.hdf5,HN182.hdf5,HN190.hdf5,HN223.hdf5,HN126.hdf5,HN186.hdf5,HN215.hdf5,HN119.hdf5,HN125.hdf5,HN114.hdf5,HN115.hdf5,HN106.hdf5,HN110.hdf5,HN290.hdf5
HN338.hdf5,,HN126.hdf5,HN106.hdf5,HN119.hdf5,HN114.hdf5,HN122.hdf5,HN174.hdf5,HN176.hdf5,HN127.hdf5,HN239.hdf5,HN122.hdf5,HN184.hdf5,HN191.hdf5,HN248.hdf5,HN127.hdf5,HN188.hdf5,HN220.hdf5,HN125.hdf5,HN126.hdf5,HN115.hdf5,HN122.hdf5,HN107.hdf5,HN112.hdf5,HN296.hdf5
HN339.hdf5,,HN127.hdf5,HN107.hdf5,HN124.hdf5,HN119.hdf5,HN125.hdf5,HN176.hdf5,HN179.hdf5,HN129.hdf5,HN248.hdf5,HN124.hdf5,HN190.hdf5,HN198.hdf5,HN255.hdf5,HN129.hdf5,HN194.hdf5,HN221.hdf5,HN126.hdf5,HN127.hdf5,HN119.hdf5,HN126.hdf5,HN112.hdf5,HN114.hdf5,HN297.hdf5
HN340.hdf5,,HN129.hdf5,HN109.hdf5,HN125.hdf5,HN122.hdf5,HN126.hdf5,HN181.hdf5,HN180.hdf5,HN131.hdf5,HN249.hdf5,HN125.hdf5,HN191.hdf5,HN202.hdf5,HN271.hdf5,HN131.hdf5,HN196.hdf5,HN225.hdf5,HN127.hdf5,HN132.hdf5,HN122.hdf5,HN127.hdf5,HN113.hdf5,HN115.hdf5,HN300.hdf5
HN341.hdf5,,HN131.hdf5,HN110.hdf5,HN126.hdf5,HN125.hdf5,HN129.hdf5,HN182.hdf5,HN181.hdf5,HN132.hdf5,HN253.hdf5,HN127.hdf5,HN198.hdf5,HN210.hdf5,HN275.hdf5,HN132.hdf5,HN197.hdf5,HN232.hdf5,HN129.hdf5,HN135.hdf5,HN126.hdf5,HN131.hdf5,HN114.hdf5,HN119.hdf5,HN301.hdf5
HN342.hdf5,,HN132.hdf5,HN112.hdf5,HN129.hdf5,HN126.hdf5,HN131.hdf5,HN183.hdf5,HN183.hdf5,HN135.hdf5,HN266.hdf5,HN129.hdf5,HN210.hdf5,HN212.hdf5,HN277.hdf5,HN135.hdf5,HN203.hdf5,HN233.hdf5,HN131.hdf5,HN137.hdf5,HN127.hdf5,HN132.hdf5,HN115.hdf5,HN124.hdf5,HN307.hdf5
HN344.hdf5,,HN135.hdf5,HN113.hdf5,HN131.hdf5,HN127.hdf5,HN135.hdf5,HN186.hdf5,HN184.hdf5,HN137.hdf5,HN273.hdf5,HN131.hdf5,HN216.hdf5,HN226.hdf5,HN286.hdf5,HN137.hdf5,HN207.hdf5,HN245.hdf5,HN135.hdf5,HN139.hdf5,HN129.hdf5,HN135.hdf5,HN119.hdf5,HN125.hdf5,HN310.hdf5
HN345.hdf5,,HN137.hdf5,HN114.hdf5,HN135.hdf5,HN129.hdf5,HN137.hdf5,HN188.hdf5,HN186.hdf5,HN139.hdf5,HN278.hdf5,HN135.hdf5,HN217.hdf5,HN232.hdf5,HN288.hdf5,HN139.hdf5,HN209.hdf5,HN247.hdf5,HN137.hdf5,HN144.hdf5,HN137.hdf5,HN137.hdf5,HN122.hdf5,HN127.hdf5,HN313.hdf5
HN346.hdf5,,HN139.hdf5,HN115.hdf5,HN137.hdf5,HN131.hdf5,HN139.hdf5,HN189.hdf5,HN188.hdf5,HN141.hdf5,HN281.hdf5,HN137.hdf5,HN218.hdf5,HN244.hdf5,HN290.hdf5,HN141.hdf5,HN214.hdf5,HN270.hdf5,HN139.hdf5,HN145.hdf5,HN139.hdf5,HN139.hdf5,HN124.hdf5,HN129.hdf5,HN314.hdf5
HN348.hdf5,,HN141.hdf5,HN119.hdf5,HN141.hdf5,HN132.hdf5,HN141.hdf5,HN191.hdf5,HN189.hdf5,HN144.hdf5,HN293.hdf5,HN139.hdf5,HN226.hdf5,HN261.hdf5,HN291.hdf5,HN144.hdf5,HN215.hdf5,HN275.hdf5,HN141.hdf5,HN148.hdf5,HN141.hdf5,HN144.hdf5,HN125.hdf5,HN132.hdf5,HN317.hdf5
HN350.hdf5,,HN145.hdf5,HN122.hdf5,HN146.hdf5,HN135.hdf5,HN144.hdf5,HN193.hdf5,HN191.hdf5,HN145.hdf5,HN295.hdf5,HN145.hdf5,HN227.hdf5,HN265.hdf5,HN297.hdf5,HN147.hdf5,HN220.hdf5,HN277.hdf5,HN144.hdf5,HN150.hdf5,HN144.hdf5,HN145.hdf5,HN126.hdf5,HN135.hdf5,HN319.hdf5
HN355.hdf5,,HN146.hdf5,HN126.hdf5,HN147.hdf5,HN137.hdf5,HN145.hdf5,HN194.hdf5,HN193.hdf5,HN146.hdf5,HN308.hdf5,HN146.hdf5,HN239.hdf5,HN273.hdf5,HN302.hdf5,HN151.hdf5,HN221.hdf5,HN283.hdf5,HN146.hdf5,HN151.hdf5,HN145.hdf5,HN146.hdf5,HN129.hdf5,HN139.hdf5,HN321.hdf5
HN358.hdf5,,HN147.hdf5,HN131.hdf5,HN148.hdf5,HN139.hdf5,HN146.hdf5,HN196.hdf5,HN194.hdf5,HN147.hdf5,HN310.hdf5,HN150.hdf5,HN244.hdf5,HN275.hdf5,HN314.hdf5,HN158.hdf5,HN225.hdf5,HN285.hdf5,HN148.hdf5,HN155.hdf5,HN146.hdf5,HN150.hdf5,HN131.hdf5,HN141.hdf5,HN323.hdf5
HN359.hdf5,,HN148.hdf5,HN132.hdf5,HN150.hdf5,HN141.hdf5,HN147.hdf5,HN197.hdf5,HN197.hdf5,HN150.hdf5,HN316.hdf5,HN151.hdf5,HN249.hdf5,HN281.hdf5,HN316.hdf5,HN159.hdf5,HN243.hdf5,HN290.hdf5,HN150.hdf5,HN156.hdf5,HN148.hdf5,HN151.hdf5,HN132.hdf5,HN145.hdf5,HN325.hdf5
HN361.hdf5,,HN150.hdf5,HN135.hdf5,HN151.hdf5,HN144.hdf5,HN148.hdf5,HN200.hdf5,HN201.hdf5,HN153.hdf5,HN323.hdf5,HN153.hdf5,HN253.hdf5,HN293.hdf5,HN317.hdf5,HN161.hdf5,HN245.hdf5,HN297.hdf5,HN151.hdf5,HN157.hdf5,HN150.hdf5,HN153.hdf5,HN135.hdf5,HN146.hdf5,HN327.hdf5
,,HN151.hdf5,HN139.hdf5,HN153.hdf5,HN145.hdf5,HN150.hdf5,HN202.hdf5,HN202.hdf5,HN155.hdf5,HN325.hdf5,HN155.hdf5,HN257.hdf5,HN295.hdf5,HN319.hdf5,HN162.hdf5,HN247.hdf5,HN302.hdf5,HN153.hdf5,HN158.hdf5,HN151.hdf5,HN155.hdf5,HN137.hdf5,HN147.hdf5,HN330.hdf5
,,HN153.hdf5,HN141.hdf5,HN155.hdf5,HN147.hdf5,HN151.hdf5,HN205.hdf5,HN203.hdf5,HN157.hdf5,HN331.hdf5,HN159.hdf5,HN273.hdf5,HN306.hdf5,HN328.hdf5,HN163.hdf5,HN270.hdf5,HN307.hdf5,HN155.hdf5,HN160.hdf5,HN153.hdf5,HN156.hdf5,HN139.hdf5,HN148.hdf5,HN332.hdf5
,,HN155.hdf5,HN144.hdf5,HN156.hdf5,HN148.hdf5,HN153.hdf5,HN206.hdf5,HN205.hdf5,HN159.hdf5,HN336.hdf5,HN160.hdf5,HN278.hdf5,HN307.hdf5,HN332.hdf5,HN166.hdf5,HN275.hdf5,HN308.hdf5,HN156.hdf5,HN162.hdf5,HN158.hdf5,HN157.hdf5,HN144.hdf5,HN150.hdf5,HN334.hdf5
,,HN156.hdf5,HN146.hdf5,HN157.hdf5,HN150.hdf5,HN155.hdf5,HN207.hdf5,HN207.hdf5,HN161.hdf5,HN340.hdf5,HN161.hdf5,HN283.hdf5,HN308.hdf5,HN338.hdf5,HN170.hdf5,HN277.hdf5,HN314.hdf5,HN157.hdf5,HN165.hdf5,HN159.hdf5,HN159.hdf5,HN145.hdf5,HN151.hdf5,HN338.hdf5
,,HN157.hdf5,HN147.hdf5,HN158.hdf5,HN151.hdf5,HN156.hdf5,HN209.hdf5,HN209.hdf5,HN162.hdf5,HN348.hdf5,HN162.hdf5,HN285.hdf5,HN310.hdf5,HN339.hdf5,HN174.hdf5,HN285.hdf5,HN317.hdf5,HN158.hdf5,HN166.hdf5,HN161.hdf5,HN160.hdf5,HN147.hdf5,HN156.hdf5,HN339.hdf5
,,HN160.hdf5,HN148.hdf5,HN159.hdf5,HN156.hdf5,HN157.hdf5,HN210.hdf5,HN210.hdf5,HN163.hdf5,HN355.hdf5,HN163.hdf5,HN291.hdf5,HN313.hdf5,HN340.hdf5,HN176.hdf5,HN286.hdf5,HN319.hdf5,HN159.hdf5,HN170.hdf5,HN162.hdf5,HN161.hdf5,HN150.hdf5,HN157.hdf5,HN340.hdf5
,,HN161.hdf5,HN150.hdf5,HN160.hdf5,HN157.hdf5,HN158.hdf5,HN213.hdf5,HN212.hdf5,HN165.hdf5,HN356.hdf5,HN165.hdf5,HN293.hdf5,HN314.hdf5,HN341.hdf5,HN178.hdf5,HN288.hdf5,HN320.hdf5,HN160.hdf5,HN174.hdf5,HN163.hdf5,HN163.hdf5,HN151.hdf5,HN158.hdf5,HN344.hdf5
,,HN162.hdf5,HN151.hdf5,HN161.hdf5,HN158.hdf5,HN159.hdf5,HN217.hdf5,HN213.hdf5,HN166.hdf5,HN359.hdf5,HN167.hdf5,HN306.hdf5,HN316.hdf5,HN345.hdf5,HN179.hdf5,HN302.hdf5,HN327.hdf5,HN161.hdf5,HN177.hdf5,HN165.hdf5,HN165.hdf5,HN153.hdf5,HN159.hdf5,HN345.hdf5
,,HN167.hdf5,HN153.hdf5,HN163.hdf5,HN159.hdf5,HN161.hdf5,HN219.hdf5,HN218.hdf5,HN167.hdf5,,HN173.hdf5,HN307.hdf5,HN317.hdf5,HN355.hdf5,HN180.hdf5,HN307.hdf5,HN328.hdf5,HN162.hdf5,HN178.hdf5,HN166.hdf5,HN167.hdf5,HN155.hdf5,HN161.hdf5,HN348.hdf5
,,HN170.hdf5,HN155.hdf5,HN165.hdf5,HN160.hdf5,HN163.hdf5,HN220.hdf5,HN224.hdf5,HN170.hdf5,,HN174.hdf5,HN308.hdf5,HN325.hdf5,,HN182.hdf5,HN308.hdf5,HN332.hdf5,HN163.hdf5,HN181.hdf5,HN167.hdf5,HN170.hdf5,HN156.hdf5,HN163.hdf5,HN350.hdf5
,,HN173.hdf5,HN156.hdf5,HN166.hdf5,HN161.hdf5,HN167.hdf5,HN221.hdf5,HN225.hdf5,HN173.hdf5,,HN175.hdf5,HN313.hdf5,HN328.hdf5,,HN183.hdf5,HN314.hdf5,HN338.hdf5,HN166.hdf5,HN183.hdf5,HN173.hdf5,HN174.hdf5,HN157.hdf5,HN165.hdf5,HN351.hdf5
,,HN174.hdf5,HN157.hdf5,HN167.hdf5,HN162.hdf5,HN170.hdf5,HN223.hdf5,HN227.hdf5,HN174.hdf5,,HN178.hdf5,HN314.hdf5,HN331.hdf5,,HN184.hdf5,HN317.hdf5,HN340.hdf5,HN173.hdf5,HN184.hdf5,HN174.hdf5,HN175.hdf5,HN159.hdf5,HN166.hdf5,HN356.hdf5
,,HN176.hdf5,HN159.hdf5,HN170.hdf5,HN163.hdf5,HN173.hdf5,HN224.hdf5,HN232.hdf5,HN175.hdf5,,HN179.hdf5,HN316.hdf5,HN334.hdf5,,HN186.hdf5,HN319.hdf5,HN341.hdf5,HN174.hdf5,HN186.hdf5,HN175.hdf5,HN176.hdf5,HN160.hdf5,HN167.hdf5,HN358.hdf5
,,HN177.hdf5,HN160.hdf5,HN173.hdf5,HN165.hdf5,HN174.hdf5,HN225.hdf5,HN237.hdf5,HN176.hdf5,,HN180.hdf5,HN317.hdf5,HN336.hdf5,,HN188.hdf5,HN320.hdf5,HN342.hdf5,HN177.hdf5,HN188.hdf5,HN176.hdf5,HN177.hdf5,HN161.hdf5,HN170.hdf5,HN361.hdf5
,,HN178.hdf5,HN162.hdf5,HN175.hdf5,HN166.hdf5,HN177.hdf5,HN232.hdf5,HN238.hdf5,HN177.hdf5,,HN181.hdf5,HN323.hdf5,HN340.hdf5,,HN189.hdf5,HN323.hdf5,HN346.hdf5,HN179.hdf5,HN189.hdf5,HN178.hdf5,HN178.hdf5,HN162.hdf5,HN173.hdf5,
,,HN179.hdf5,HN163.hdf5,HN176.hdf5,HN170.hdf5,HN178.hdf5,HN233.hdf5,HN239.hdf5,HN178.hdf5,,HN182.hdf5,HN325.hdf5,HN344.hdf5,,HN190.hdf5,HN327.hdf5,HN350.hdf5,HN181.hdf5,HN190.hdf5,HN179.hdf5,HN179.hdf5,HN163.hdf5,HN174.hdf5,
,,HN180.hdf5,HN165.hdf5,HN177.hdf5,HN173.hdf5,HN179.hdf5,HN239.hdf5,HN241.hdf5,HN180.hdf5,,HN183.hdf5,HN328.hdf5,HN348.hdf5,,HN191.hdf5,HN328.hdf5,HN351.hdf5,HN183.hdf5,HN193.hdf5,HN181.hdf5,HN180.hdf5,HN166.hdf5,HN175.hdf5,
,,HN181.hdf5,HN166.hdf5,HN178.hdf5,HN177.hdf5,HN180.hdf5,HN241.hdf5,HN244.hdf5,HN181.hdf5,,HN184.hdf5,HN331.hdf5,HN350.hdf5,,HN193.hdf5,HN332.hdf5,HN353.hdf5,HN184.hdf5,HN194.hdf5,HN182.hdf5,HN181.hdf5,HN167.hdf5,HN176.hdf5,
,,HN183.hdf5,HN167.hdf5,HN179.hdf5,HN178.hdf5,HN181.hdf5,HN245.hdf5,HN246.hdf5,HN183.hdf5,,HN186.hdf5,HN334.hdf5,HN353.hdf5,,HN196.hdf5,HN338.hdf5,HN355.hdf5,HN186.hdf5,HN196.hdf5,HN183.hdf5,HN184.hdf5,HN170.hdf5,HN178.hdf5,
,,HN184.hdf5,HN170.hdf5,HN180.hdf5,HN179.hdf5,HN183.hdf5,HN247.hdf5,HN248.hdf5,HN184.hdf5,,HN188.hdf5,HN336.hdf5,HN355.hdf5,,HN198.hdf5,HN340.hdf5,HN356.hdf5,HN188.hdf5,HN197.hdf5,HN184.hdf5,HN186.hdf5,HN175.hdf5,HN179.hdf5,
,,HN186.hdf5,HN174.hdf5,HN181.hdf5,HN181.hdf5,HN184.hdf5,HN248.hdf5,HN249.hdf5,HN189.hdf5,,HN191.hdf5,HN340.hdf5,HN356.hdf5,,HN203.hdf5,HN341.hdf5,HN358.hdf5,HN189.hdf5,HN198.hdf5,HN186.hdf5,HN188.hdf5,HN176.hdf5,HN180.hdf5,
,,HN188.hdf5,HN175.hdf5,HN182.hdf5,HN182.hdf5,HN186.hdf5,HN250.hdf5,HN253.hdf5,HN190.hdf5,,HN193.hdf5,HN344.hdf5,HN358.hdf5,,HN205.hdf5,HN342.hdf5,HN359.hdf5,HN190.hdf5,HN199.hdf5,HN188.hdf5,HN189.hdf5,HN177.hdf5,HN181.hdf5,
,,HN189.hdf5,HN177.hdf5,HN183.hdf5,HN183.hdf5,HN188.hdf5,HN253.hdf5,HN257.hdf5,HN191.hdf5,,HN199.hdf5,HN345.hdf5,HN361.hdf5,,HN206.hdf5,HN345.hdf5,,HN191.hdf5,HN200.hdf5,HN189.hdf5,HN190.hdf5,HN179.hdf5,HN182.hdf5,
,,HN190.hdf5,HN178.hdf5,HN184.hdf5,HN184.hdf5,HN189.hdf5,HN255.hdf5,HN261.hdf5,HN193.hdf5,,HN201.hdf5,HN346.hdf5,,,HN213.hdf5,HN346.hdf5,,HN193.hdf5,HN201.hdf5,HN191.hdf5,HN193.hdf5,HN180.hdf5,HN183.hdf5,
,,HN191.hdf5,HN179.hdf5,HN186.hdf5,HN188.hdf5,HN190.hdf5,HN264.hdf5,HN263.hdf5,HN194.hdf5,,HN203.hdf5,HN348.hdf5,,,HN215.hdf5,HN350.hdf5,,HN194.hdf5,HN202.hdf5,HN193.hdf5,HN194.hdf5,HN181.hdf5,HN184.hdf5,
,,HN193.hdf5,HN180.hdf5,HN189.hdf5,HN189.hdf5,HN191.hdf5,HN267.hdf5,HN264.hdf5,HN196.hdf5,,HN205.hdf5,HN353.hdf5,,,HN216.hdf5,HN351.hdf5,,HN196.hdf5,HN206.hdf5,HN194.hdf5,HN196.hdf5,HN182.hdf5,HN186.hdf5,
,,HN194.hdf5,HN181.hdf5,HN190.hdf5,HN191.hdf5,HN193.hdf5,HN270.hdf5,HN266.hdf5,HN197.hdf5,,HN206.hdf5,HN355.hdf5,,,HN218.hdf5,HN353.hdf5,,HN197.hdf5,HN207.hdf5,HN196.hdf5,HN197.hdf5,HN183.hdf5,HN188.hdf5,
,,HN196.hdf5,HN182.hdf5,HN191.hdf5,HN193.hdf5,HN194.hdf5,HN273.hdf5,HN267.hdf5,HN199.hdf5,,HN211.hdf5,HN356.hdf5,,,HN223.hdf5,HN355.hdf5,,HN198.hdf5,HN209.hdf5,HN197.hdf5,HN198.hdf5,HN184.hdf5,HN189.hdf5,
,,HN197.hdf5,HN184.hdf5,HN193.hdf5,HN194.hdf5,HN196.hdf5,HN275.hdf5,HN278.hdf5,HN200.hdf5,,HN212.hdf5,HN357.hdf5,,,HN224.hdf5,HN356.hdf5,,HN200.hdf5,HN211.hdf5,HN199.hdf5,HN200.hdf5,HN186.hdf5,HN190.hdf5,
,,HN198.hdf5,HN186.hdf5,HN194.hdf5,HN196.hdf5,HN197.hdf5,HN277.hdf5,HN279.hdf5,HN201.hdf5,,HN213.hdf5,HN359.hdf5,,,HN232.hdf5,HN361.hdf5,,HN201.hdf5,HN213.hdf5,HN201.hdf5,HN201.hdf5,HN188.hdf5,HN194.hdf5,
,,HN199.hdf5,HN189.hdf5,HN196.hdf5,HN197.hdf5,HN199.hdf5,HN281.hdf5,HN281.hdf5,HN202.hdf5,,HN219.hdf5,,,,HN237.hdf5,,,HN202.hdf5,HN214.hdf5,HN202.hdf5,HN202.hdf5,HN190.hdf5,HN196.hdf5,
,,HN200.hdf5,HN193.hdf5,HN197.hdf5,HN198.hdf5,HN200.hdf5,HN283.hdf5,HN283.hdf5,HN203.hdf5,,HN221.hdf5,,,,HN241.hdf5,,,HN205.hdf5,HN215.hdf5,HN203.hdf5,HN203.hdf5,HN191.hdf5,HN197.hdf5,
,,HN201.hdf5,HN194.hdf5,HN198.hdf5,HN199.hdf5,HN201.hdf5,HN285.hdf5,HN286.hdf5,HN205.hdf5,,HN224.hdf5,,,,HN246.hdf5,,,HN206.hdf5,HN217.hdf5,HN205.hdf5,HN205.hdf5,HN194.hdf5,HN198.hdf5,
,,HN202.hdf5,HN196.hdf5,HN199.hdf5,HN200.hdf5,HN202.hdf5,HN286.hdf5,HN288.hdf5,HN206.hdf5,,HN237.hdf5,,,,HN250.hdf5,,,HN207.hdf5,HN218.hdf5,HN207.hdf5,HN206.hdf5,HN196.hdf5,HN199.hdf5,
,,HN203.hdf5,HN197.hdf5,HN201.hdf5,HN203.hdf5,HN203.hdf5,HN288.hdf5,HN291.hdf5,HN207.hdf5,,HN238.hdf5,,,,HN263.hdf5,,,HN209.hdf5,HN220.hdf5,HN209.hdf5,HN207.hdf5,HN197.hdf5,HN200.hdf5,
,,HN205.hdf5,HN198.hdf5,HN202.hdf5,HN205.hdf5,HN205.hdf5,HN290.hdf5,HN293.hdf5,HN209.hdf5,,HN241.hdf5,,,,HN264.hdf5,,,HN211.hdf5,HN223.hdf5,HN210.hdf5,HN209.hdf5,HN199.hdf5,HN201.hdf5,
,,HN206.hdf5,HN199.hdf5,HN203.hdf5,HN206.hdf5,HN206.hdf5,HN296.hdf5,HN296.hdf5,HN210.hdf5,,HN243.hdf5,,,,HN271.hdf5,,,HN213.hdf5,HN224.hdf5,HN211.hdf5,HN210.hdf5,HN200.hdf5,HN203.hdf5,
,,HN207.hdf5,HN201.hdf5,HN205.hdf5,HN209.hdf5,HN207.hdf5,HN297.hdf5,HN297.hdf5,HN212.hdf5,,HN246.hdf5,,,,HN273.hdf5,,,HN215.hdf5,HN232.hdf5,HN212.hdf5,HN211.hdf5,HN201.hdf5,HN209.hdf5,
,,HN209.hdf5,HN202.hdf5,HN209.hdf5,HN210.hdf5,HN210.hdf5,HN300.hdf5,HN300.hdf5,HN213.hdf5,,HN255.hdf5,,,,HN278.hdf5,,,HN216.hdf5,HN233.hdf5,HN213.hdf5,HN212.hdf5,HN203.hdf5,HN210.hdf5,
,,HN210.hdf5,HN203.hdf5,HN210.hdf5,HN211.hdf5,HN211.hdf5,HN302.hdf5,HN302.hdf5,HN214.hdf5,,HN264.hdf5,,,,HN290.hdf5,,,HN218.hdf5,HN237.hdf5,HN214.hdf5,HN213.hdf5,HN205.hdf5,HN211.hdf5,
,,HN211.hdf5,HN207.hdf5,HN211.hdf5,HN212.hdf5,HN213.hdf5,HN307.hdf5,HN306.hdf5,HN215.hdf5,,HN273.hdf5,,,,HN291.hdf5,,,HN220.hdf5,HN238.hdf5,HN215.hdf5,HN214.hdf5,HN206.hdf5,HN212.hdf5,
,,HN213.hdf5,HN209.hdf5,HN212.hdf5,HN213.hdf5,HN214.hdf5,HN308.hdf5,HN307.hdf5,HN216.hdf5,,HN275.hdf5,,,,HN297.hdf5,,,HN221.hdf5,HN241.hdf5,HN216.hdf5,HN215.hdf5,HN209.hdf5,HN213.hdf5,
,,HN215.hdf5,HN211.hdf5,HN214.hdf5,HN214.hdf5,HN215.hdf5,HN314.hdf5,HN308.hdf5,HN217.hdf5,,HN285.hdf5,,,,HN301.hdf5,,,HN223.hdf5,HN243.hdf5,HN217.hdf5,HN216.hdf5,HN210.hdf5,HN215.hdf5,
,,HN216.hdf5,HN213.hdf5,HN215.hdf5,HN215.hdf5,HN216.hdf5,HN317.hdf5,HN310.hdf5,HN218.hdf5,,HN286.hdf5,,,,HN308.hdf5,,,HN227.hdf5,HN245.hdf5,HN220.hdf5,HN217.hdf5,HN212.hdf5,HN216.hdf5,
,,HN217.hdf5,HN215.hdf5,HN216.hdf5,HN216.hdf5,HN217.hdf5,HN319.hdf5,HN313.hdf5,HN220.hdf5,,HN291.hdf5,,,,HN310.hdf5,,,HN232.hdf5,HN246.hdf5,HN221.hdf5,HN218.hdf5,HN213.hdf5,HN217.hdf5,
,,HN218.hdf5,HN216.hdf5,HN217.hdf5,HN217.hdf5,HN218.hdf5,HN320.hdf5,HN314.hdf5,HN221.hdf5,,HN297.hdf5,,,,HN314.hdf5,,,HN233.hdf5,HN247.hdf5,HN224.hdf5,HN219.hdf5,HN214.hdf5,HN218.hdf5,
,,HN220.hdf5,HN217.hdf5,HN218.hdf5,HN218.hdf5,HN220.hdf5,HN327.hdf5,HN316.hdf5,HN223.hdf5,,HN299.hdf5,,,,HN316.hdf5,,,HN237.hdf5,HN248.hdf5,HN225.hdf5,HN220.hdf5,HN215.hdf5,HN219.hdf5,
,,HN221.hdf5,HN218.hdf5,HN219.hdf5,HN219.hdf5,HN221.hdf5,HN329.hdf5,HN321.hdf5,HN224.hdf5,,HN308.hdf5,,,,HN319.hdf5,,,HN239.hdf5,HN249.hdf5,HN226.hdf5,HN221.hdf5,HN216.hdf5,HN220.hdf5,
,,HN223.hdf5,HN219.hdf5,HN220.hdf5,HN220.hdf5,HN224.hdf5,HN330.hdf5,HN323.hdf5,HN225.hdf5,,HN310.hdf5,,,,HN320.hdf5,,,HN241.hdf5,HN250.hdf5,HN232.hdf5,HN223.hdf5,HN218.hdf5,HN221.hdf5,
,,HN224.hdf5,HN220.hdf5,HN221.hdf5,HN221.hdf5,HN227.hdf5,HN331.hdf5,HN325.hdf5,HN227.hdf5,,HN316.hdf5,,,,HN330.hdf5,,,HN243.hdf5,HN257.hdf5,HN233.hdf5,HN226.hdf5,HN219.hdf5,HN223.hdf5,
,,HN225.hdf5,HN225.hdf5,HN223.hdf5,HN223.hdf5,HN232.hdf5,HN332.hdf5,HN331.hdf5,HN233.hdf5,,HN317.hdf5,,,,HN332.hdf5,,,HN244.hdf5,HN259.hdf5,HN237.hdf5,HN227.hdf5,HN220.hdf5,HN225.hdf5,
,,HN226.hdf5,HN226.hdf5,HN225.hdf5,HN225.hdf5,HN233.hdf5,HN336.hdf5,HN334.hdf5,HN237.hdf5,,HN319.hdf5,,,,HN345.hdf5,,,HN245.hdf5,HN261.hdf5,HN238.hdf5,HN232.hdf5,HN221.hdf5,HN226.hdf5,
,,HN227.hdf5,HN232.hdf5,HN226.hdf5,HN226.hdf5,HN237.hdf5,HN338.hdf5,HN339.hdf5,HN238.hdf5,,HN320.hdf5,,,,HN346.hdf5,,,HN246.hdf5,HN263.hdf5,HN239.hdf5,HN237.hdf5,HN223.hdf5,HN227.hdf5,
,,HN232.hdf5,HN237.hdf5,HN227.hdf5,HN227.hdf5,HN238.hdf5,HN339.hdf5,HN340.hdf5,HN239.hdf5,,HN327.hdf5,,,,HN348.hdf5,,,HN247.hdf5,HN264.hdf5,HN243.hdf5,HN238.hdf5,HN224.hdf5,HN232.hdf5,
,,HN233.hdf5,HN238.hdf5,HN237.hdf5,HN232.hdf5,HN239.hdf5,HN341.hdf5,HN341.hdf5,HN241.hdf5,,HN330.hdf5,,,,HN350.hdf5,,,HN248.hdf5,HN266.hdf5,HN244.hdf5,HN239.hdf5,HN227.hdf5,HN237.hdf5,
,,HN239.hdf5,HN239.hdf5,HN238.hdf5,HN233.hdf5,HN241.hdf5,HN342.hdf5,HN344.hdf5,HN243.hdf5,,HN332.hdf5,,,,HN353.hdf5,,,HN249.hdf5,HN267.hdf5,HN245.hdf5,HN241.hdf5,HN232.hdf5,HN239.hdf5,
,,HN241.hdf5,HN243.hdf5,HN239.hdf5,HN237.hdf5,HN243.hdf5,HN345.hdf5,HN346.hdf5,HN244.hdf5,,HN342.hdf5,,,,HN355.hdf5,,,HN257.hdf5,HN270.hdf5,HN247.hdf5,HN243.hdf5,HN233.hdf5,HN241.hdf5,
,,HN243.hdf5,HN245.hdf5,HN241.hdf5,HN241.hdf5,HN244.hdf5,HN351.hdf5,HN353.hdf5,HN245.hdf5,,HN344.hdf5,,,,HN356.hdf5,,,HN259.hdf5,HN271.hdf5,HN248.hdf5,HN244.hdf5,HN239.hdf5,HN243.hdf5,
,,HN244.hdf5,HN246.hdf5,HN243.hdf5,HN243.hdf5,HN245.hdf5,HN353.hdf5,HN356.hdf5,HN246.hdf5,,HN345.hdf5,,,,HN357.hdf5,,,HN261.hdf5,HN273.hdf5,HN250.hdf5,HN245.hdf5,HN241.hdf5,HN244.hdf5,
,,HN245.hdf5,HN247.hdf5,HN244.hdf5,HN244.hdf5,HN246.hdf5,HN355.hdf5,HN357.hdf5,HN247.hdf5,,HN353.hdf5,,,,HN361.hdf5,,,HN263.hdf5,HN275.hdf5,HN253.hdf5,HN246.hdf5,HN248.hdf5,HN245.hdf5,
,,HN246.hdf5,HN248.hdf5,HN245.hdf5,HN245.hdf5,HN248.hdf5,HN358.hdf5,HN359.hdf5,HN248.hdf5,,HN355.hdf5,,,,,,,HN264.hdf5,HN281.hdf5,HN257.hdf5,HN247.hdf5,HN249.hdf5,HN246.hdf5,
,,HN249.hdf5,HN249.hdf5,HN246.hdf5,HN246.hdf5,HN249.hdf5,HN361.hdf5,HN361.hdf5,HN250.hdf5,,HN356.hdf5,,,,,,,HN265.hdf5,HN286.hdf5,HN261.hdf5,HN249.hdf5,HN250.hdf5,HN248.hdf5,
,,HN250.hdf5,HN253.hdf5,HN247.hdf5,HN247.hdf5,HN250.hdf5,,,HN255.hdf5,,HN357.hdf5,,,,,,,HN267.hdf5,HN290.hdf5,HN263.hdf5,HN253.hdf5,HN253.hdf5,HN249.hdf5,
,,HN253.hdf5,HN255.hdf5,HN248.hdf5,HN248.hdf5,HN253.hdf5,,,HN257.hdf5,,HN358.hdf5,,,,,,,HN270.hdf5,HN295.hdf5,HN264.hdf5,HN257.hdf5,HN259.hdf5,HN250.hdf5,
,,HN255.hdf5,HN257.hdf5,HN249.hdf5,HN249.hdf5,HN255.hdf5,,,HN259.hdf5,,HN359.hdf5,,,,,,,HN271.hdf5,HN297.hdf5,HN265.hdf5,HN259.hdf5,HN261.hdf5,HN253.hdf5,
,,HN257.hdf5,HN259.hdf5,HN250.hdf5,HN250.hdf5,HN259.hdf5,,,HN261.hdf5,,HN361.hdf5,,,,,,,HN273.hdf5,HN299.hdf5,HN266.hdf5,HN263.hdf5,HN264.hdf5,HN255.hdf5,
,,HN259.hdf5,HN261.hdf5,HN253.hdf5,HN255.hdf5,HN261.hdf5,,,HN263.hdf5,,,,,,,,,HN290.hdf5,HN300.hdf5,HN267.hdf5,HN264.hdf5,HN265.hdf5,HN257.hdf5,
,,HN263.hdf5,HN263.hdf5,HN255.hdf5,HN264.hdf5,HN263.hdf5,,,HN265.hdf5,,,,,,,,,HN295.hdf5,HN306.hdf5,HN270.hdf5,HN265.hdf5,HN266.hdf5,HN259.hdf5,
,,HN264.hdf5,HN264.hdf5,HN257.hdf5,HN265.hdf5,HN264.hdf5,,,HN266.hdf5,,,,,,,,,HN296.hdf5,HN307.hdf5,HN271.hdf5,HN267.hdf5,HN270.hdf5,HN261.hdf5,
,,HN265.hdf5,HN265.hdf5,HN259.hdf5,HN266.hdf5,HN266.hdf5,,,HN267.hdf5,,,,,,,,,HN297.hdf5,HN308.hdf5,HN273.hdf5,HN270.hdf5,HN271.hdf5,HN263.hdf5,
,,HN266.hdf5,HN270.hdf5,HN261.hdf5,HN267.hdf5,HN267.hdf5,,,HN273.hdf5,,,,,,,,,HN300.hdf5,HN310.hdf5,HN275.hdf5,HN271.hdf5,HN273.hdf5,HN264.hdf5,
,,HN267.hdf5,HN271.hdf5,HN264.hdf5,HN270.hdf5,HN270.hdf5,,,HN275.hdf5,,,,,,,,,HN308.hdf5,HN314.hdf5,HN277.hdf5,HN275.hdf5,HN275.hdf5,HN265.hdf5,
,,HN270.hdf5,HN273.hdf5,HN265.hdf5,HN275.hdf5,HN275.hdf5,,,HN277.hdf5,,,,,,,,,HN310.hdf5,HN316.hdf5,HN278.hdf5,HN277.hdf5,HN277.hdf5,HN266.hdf5,
,,HN271.hdf5,HN275.hdf5,HN266.hdf5,HN277.hdf5,HN278.hdf5,,,HN278.hdf5,,,,,,,,,HN314.hdf5,HN317.hdf5,HN279.hdf5,HN278.hdf5,HN278.hdf5,HN267.hdf5,
,,HN273.hdf5,HN279.hdf5,HN267.hdf5,HN279.hdf5,HN279.hdf5,,,HN281.hdf5,,,,,,,,,HN317.hdf5,HN325.hdf5,HN281.hdf5,HN281.hdf5,HN279.hdf5,HN273.hdf5,
,,HN275.hdf5,HN281.hdf5,HN275.hdf5,HN281.hdf5,HN281.hdf5,,,HN283.hdf5,,,,,,,,,HN323.hdf5,HN327.hdf5,HN283.hdf5,HN283.hdf5,HN281.hdf5,HN275.hdf5,
,,HN279.hdf5,HN283.hdf5,HN278.hdf5,HN283.hdf5,HN283.hdf5,,,HN285.hdf5,,,,,,,,,HN325.hdf5,HN328.hdf5,HN285.hdf5,HN285.hdf5,HN283.hdf5,HN277.hdf5,
,,HN281.hdf5,HN285.hdf5,HN281.hdf5,HN285.hdf5,HN285.hdf5,,,HN288.hdf5,,,,,,,,,HN327.hdf5,HN329.hdf5,HN286.hdf5,HN286.hdf5,HN286.hdf5,HN279.hdf5,
,,HN283.hdf5,HN286.hdf5,HN283.hdf5,HN290.hdf5,HN286.hdf5,,,HN290.hdf5,,,,,,,,,HN328.hdf5,HN331.hdf5,HN288.hdf5,HN288.hdf5,HN290.hdf5,HN281.hdf5,
,,HN285.hdf5,HN288.hdf5,HN286.hdf5,HN291.hdf5,HN291.hdf5,,,HN293.hdf5,,,,,,,,,HN329.hdf5,HN332.hdf5,HN290.hdf5,HN290.hdf5,HN291.hdf5,HN285.hdf5,
,,HN286.hdf5,HN293.hdf5,HN288.hdf5,HN293.hdf5,HN293.hdf5,,,HN296.hdf5,,,,,,,,,HN331.hdf5,HN334.hdf5,HN291.hdf5,HN291.hdf5,HN293.hdf5,HN286.hdf5,
,,HN288.hdf5,HN295.hdf5,HN290.hdf5,HN296.hdf5,HN295.hdf5,,,HN297.hdf5,,,,,,,,,HN336.hdf5,HN336.hdf5,HN293.hdf5,HN293.hdf5,HN295.hdf5,HN288.hdf5,
,,HN290.hdf5,HN296.hdf5,HN291.hdf5,HN297.hdf5,HN296.hdf5,,,HN299.hdf5,,,,,,,,,HN340.hdf5,HN338.hdf5,HN295.hdf5,HN296.hdf5,HN296.hdf5,HN290.hdf5,
,,HN291.hdf5,HN297.hdf5,HN293.hdf5,HN299.hdf5,HN297.hdf5,,,HN300.hdf5,,,,,,,,,HN341.hdf5,HN339.hdf5,HN296.hdf5,HN297.hdf5,HN299.hdf5,HN295.hdf5,
,,HN293.hdf5,HN299.hdf5,HN295.hdf5,HN300.hdf5,HN299.hdf5,,,HN302.hdf5,,,,,,,,,HN342.hdf5,HN340.hdf5,HN297.hdf5,HN299.hdf5,HN300.hdf5,HN296.hdf5,
,,HN295.hdf5,HN300.hdf5,HN296.hdf5,HN301.hdf5,HN300.hdf5,,,HN306.hdf5,,,,,,,,,HN345.hdf5,HN342.hdf5,HN300.hdf5,HN300.hdf5,HN302.hdf5,HN297.hdf5,
,,HN296.hdf5,HN301.hdf5,HN299.hdf5,HN302.hdf5,HN301.hdf5,,,HN307.hdf5,,,,,,,,,HN346.hdf5,HN346.hdf5,HN301.hdf5,HN302.hdf5,HN306.hdf5,HN299.hdf5,
,,HN299.hdf5,HN302.hdf5,HN300.hdf5,HN306.hdf5,HN302.hdf5,,,HN308.hdf5,,,,,,,,,HN348.hdf5,HN348.hdf5,HN302.hdf5,HN307.hdf5,HN308.hdf5,HN300.hdf5,
,,HN301.hdf5,HN306.hdf5,HN302.hdf5,HN307.hdf5,HN306.hdf5,,,HN310.hdf5,,,,,,,,,HN350.hdf5,HN351.hdf5,HN306.hdf5,HN308.hdf5,HN310.hdf5,HN301.hdf5,
,,HN306.hdf5,HN308.hdf5,HN306.hdf5,HN308.hdf5,HN307.hdf5,,,HN314.hdf5,,,,,,,,,HN351.hdf5,HN353.hdf5,HN307.hdf5,HN310.hdf5,HN313.hdf5,HN302.hdf5,
,,HN307.hdf5,HN310.hdf5,HN307.hdf5,HN313.hdf5,HN308.hdf5,,,HN317.hdf5,,,,,,,,,HN353.hdf5,HN355.hdf5,HN310.hdf5,HN313.hdf5,HN314.hdf5,HN307.hdf5,
,,HN308.hdf5,HN313.hdf5,HN308.hdf5,HN316.hdf5,HN310.hdf5,,,HN319.hdf5,,,,,,,,,HN358.hdf5,HN358.hdf5,HN313.hdf5,HN314.hdf5,HN317.hdf5,HN308.hdf5,
,,HN310.hdf5,HN314.hdf5,HN310.hdf5,HN317.hdf5,HN313.hdf5,,,HN320.hdf5,,,,,,,,,HN359.hdf5,HN359.hdf5,HN314.hdf5,HN316.hdf5,HN319.hdf5,HN310.hdf5,
,,HN314.hdf5,HN316.hdf5,HN313.hdf5,HN319.hdf5,HN314.hdf5,,,HN321.hdf5,,,,,,,,,HN361.hdf5,HN361.hdf5,HN316.hdf5,HN317.hdf5,HN320.hdf5,HN313.hdf5,
,,HN316.hdf5,HN317.hdf5,HN314.hdf5,HN320.hdf5,HN316.hdf5,,,HN323.hdf5,,,,,,,,,,,HN317.hdf5,HN319.hdf5,HN321.hdf5,HN314.hdf5,
,,HN319.hdf5,HN319.hdf5,HN316.hdf5,HN321.hdf5,HN317.hdf5,,,HN325.hdf5,,,,,,,,,,,HN320.hdf5,HN320.hdf5,HN323.hdf5,HN319.hdf5,
,,HN320.hdf5,HN320.hdf5,HN317.hdf5,HN323.hdf5,HN319.hdf5,,,HN327.hdf5,,,,,,,,,,,HN321.hdf5,HN323.hdf5,HN327.hdf5,HN320.hdf5,
,,HN321.hdf5,HN321.hdf5,HN319.hdf5,HN325.hdf5,HN320.hdf5,,,HN328.hdf5,,,,,,,,,,,HN323.hdf5,HN325.hdf5,HN328.hdf5,HN321.hdf5,
,,HN323.hdf5,HN323.hdf5,HN320.hdf5,HN327.hdf5,HN327.hdf5,,,HN329.hdf5,,,,,,,,,,,HN325.hdf5,HN328.hdf5,HN329.hdf5,HN323.hdf5,
,,HN325.hdf5,HN327.hdf5,HN321.hdf5,HN329.hdf5,HN328.hdf5,,,HN331.hdf5,,,,,,,,,,,HN329.hdf5,HN329.hdf5,HN330.hdf5,HN327.hdf5,
,,HN327.hdf5,HN328.hdf5,HN323.hdf5,HN330.hdf5,HN329.hdf5,,,HN332.hdf5,,,,,,,,,,,HN330.hdf5,HN330.hdf5,HN331.hdf5,HN328.hdf5,
,,HN328.hdf5,HN329.hdf5,HN325.hdf5,HN331.hdf5,HN330.hdf5,,,HN334.hdf5,,,,,,,,,,,HN331.hdf5,HN332.hdf5,HN332.hdf5,HN329.hdf5,
,,HN329.hdf5,HN330.hdf5,HN327.hdf5,HN332.hdf5,HN331.hdf5,,,HN338.hdf5,,,,,,,,,,,HN332.hdf5,HN334.hdf5,HN336.hdf5,HN330.hdf5,
,,HN330.hdf5,HN331.hdf5,HN328.hdf5,HN334.hdf5,HN332.hdf5,,,HN339.hdf5,,,,,,,,,,,HN334.hdf5,HN336.hdf5,HN338.hdf5,HN331.hdf5,
,,HN331.hdf5,HN332.hdf5,HN329.hdf5,HN338.hdf5,HN334.hdf5,,,HN340.hdf5,,,,,,,,,,,HN336.hdf5,HN339.hdf5,HN340.hdf5,HN334.hdf5,
,,HN334.hdf5,HN334.hdf5,HN330.hdf5,HN340.hdf5,HN336.hdf5,,,HN341.hdf5,,,,,,,,,,,HN338.hdf5,HN340.hdf5,HN341.hdf5,HN336.hdf5,
,,HN336.hdf5,HN338.hdf5,HN331.hdf5,HN342.hdf5,HN338.hdf5,,,HN344.hdf5,,,,,,,,,,,HN341.hdf5,HN344.hdf5,HN342.hdf5,HN338.hdf5,
,,HN338.hdf5,HN339.hdf5,HN334.hdf5,HN344.hdf5,HN340.hdf5,,,HN345.hdf5,,,,,,,,,,,HN342.hdf5,HN345.hdf5,HN344.hdf5,HN339.hdf5,
,,HN339.hdf5,HN340.hdf5,HN336.hdf5,HN345.hdf5,HN342.hdf5,,,HN348.hdf5,,,,,,,,,,,HN344.hdf5,HN346.hdf5,HN345.hdf5,HN340.hdf5,
,,HN340.hdf5,HN341.hdf5,HN338.hdf5,HN346.hdf5,HN344.hdf5,,,HN350.hdf5,,,,,,,,,,,HN345.hdf5,HN348.hdf5,HN346.hdf5,HN341.hdf5,
,,HN341.hdf5,HN345.hdf5,HN340.hdf5,HN348.hdf5,HN345.hdf5,,,HN353.hdf5,,,,,,,,,,,HN346.hdf5,HN350.hdf5,HN348.hdf5,HN342.hdf5,
,,HN344.hdf5,HN346.hdf5,HN341.hdf5,HN351.hdf5,HN346.hdf5,,,HN355.hdf5,,,,,,,,,,,HN348.hdf5,HN351.hdf5,HN350.hdf5,HN344.hdf5,
,,HN345.hdf5,HN348.hdf5,HN344.hdf5,HN353.hdf5,HN348.hdf5,,,HN358.hdf5,,,,,,,,,,,HN350.hdf5,HN353.hdf5,HN351.hdf5,HN345.hdf5,
,,HN346.hdf5,HN350.hdf5,HN346.hdf5,HN356.hdf5,HN351.hdf5,,,HN359.hdf5,,,,,,,,,,,HN351.hdf5,HN355.hdf5,HN353.hdf5,HN348.hdf5,
,,HN348.hdf5,HN351.hdf5,HN348.hdf5,HN357.hdf5,HN353.hdf5,,,HN361.hdf5,,,,,,,,,,,HN353.hdf5,HN356.hdf5,HN355.hdf5,HN350.hdf5,
,,HN350.hdf5,HN353.hdf5,HN350.hdf5,HN358.hdf5,HN355.hdf5,,,,,,,,,,,,,,HN355.hdf5,HN357.hdf5,HN356.hdf5,HN351.hdf5,
,,HN351.hdf5,HN355.hdf5,HN351.hdf5,HN359.hdf5,HN356.hdf5,,,,,,,,,,,,,,HN356.hdf5,HN358.hdf5,HN357.hdf5,HN353.hdf5,
,,HN353.hdf5,HN356.hdf5,HN353.hdf5,HN361.hdf5,HN357.hdf5,,,,,,,,,,,,,,HN357.hdf5,HN361.hdf5,HN358.hdf5,HN355.hdf5,
,,HN355.hdf5,HN357.hdf5,HN356.hdf5,,HN358.hdf5,,,,,,,,,,,,,,HN358.hdf5,,HN359.hdf5,HN356.hdf5,
,,HN356.hdf5,HN358.hdf5,HN357.hdf5,,,,,,,,,,,,,,,,HN359.hdf5,,HN361.hdf5,HN357.hdf5,
,,HN357.hdf5,HN359.hdf5,HN358.hdf5,,,,,,,,,,,,,,,,,,,HN358.hdf5,
,,HN359.hdf5,HN361.hdf5,HN361.hdf5,,,,,,,,,,,,,,,,,,,HN359.hdf5,
,,,,,,,,,,,,,,,,,,,,,,,,
,,,,,,,,,,,,,,,,,,,,,,,,
,,,,,,,,,,,,,,,,,,,,,,,,
,,,,,,,,,,,,,,,,,,,,,,,,
,,,,,,,,,,,,,,,,,,,,,,,,
,,,,,,,,,,,,,,,,,,,,,,,,
,,,,,,,,,,,,,,,,,,,,,,,,
,,,,,,,,,,,,,,,,,,,,,,,,
,,,,,,,,,,,,,,,,,,,,,,,,
,,,,,,,,,,,,,,,,,,,,,,,,
,,,,,,,,,,,,,,,,,,,,,,,,
,,,,,,,,,,,,,,,,,,,,,,,,
,,,,,,,,,,,,,,,,,,,,,,,,
,,,,,,,,,,,,,,,,,,,,,,,,
,,,,,,,,,,,,,,,,,,,,,,,,
,,,,,,,,,,,,,,,,,,,,,,,,
,,,,,,,,,,,,,,,,,,,,,,,,
,,,,,,,,,,,,,,,,,,,,,,,,
,,,,,,,,,,,,,,,,,,,,,,,,
,,,,,,,,,,,,,,,,,,,,,,,,
,,,,,,,,,,,,,,,,,,,,,,,,
,,,,,,,,,,,,,,,,,,,,,,,,
,,,,,,,,,,,,,,,,,,,,,,,,
,,,,,,,,,,,,,,,,,,,,,,,,
,,,,,,,,,,,,,,,,,,,,,,,,
,,,,,,,,,,,,,,,,,,,,,,,,
,,,,,,,,,,,,,,,,,,,,,,,,
,,,,,,,,,,,,,,,,,,,,,,,,
,,,,,,,,,,,,,,,,,,,,,,,,
,,,,,,,,,,,,,,,,,,,,,,,,
,,,,,,,,,,,,,,,,,,,,,,,,
,,,,,,,,,,,,,,,,,,,,,,,,
,,,,,,,,,,,,,,,,,,,,,,,,
,,,,,,,,,,,,,,,,,,,,,,,,
,,,,,,,,,,,,,,,,,,,,,,,,
,,,,,,,,,,,,,,,,,,,,,,,,
,,,,,,,,,,,,,,,,,,,,,,,,
,,,,,,,,,,,,,,,,,,,,,,,,
,,,,,,,,,,,,,,,,,,,,,,,,
,,,,,,,,,,,,,,,,,,,,,,,,
,,,,,,,,,,,,,,,,,,,,,,,,
,,,,,,,,,,,,,,,,,,,,,,,,
,,,,,,,,,,,,,,,,,,,,,,,,
,,,,,,,,,,,,,,,,,,,,,,,,
,,,,,,,,,,,,,,,,,,,,,,,,
,,,,,,,,,,,,,,,,,,,,,,,,
,,,,,,,,,,,,,,,,,,,,,,,,
,,,,,,,,,,,,,,,,,,,,,,,,
,,,,,,,,,,,,,,,,,,,,,,,,
,,,,,,,,,,,,,,,,,,,,,,,,
